Nombre,Sitio Web,Dirección,Teléfono,Rating
Elisabet Costa Propiedades,http://www.elisabetcostaprop.com.ar/,"B1820AMR, Pres. Domingo Faustino Sarmiento 1770",011 3282-4222,4.9
Schmidt Propiedades,http://www.schmidtpropiedades.com.ar/,"B1824NTV NTV Lanús Oeste Buenos Aires AR, Carlos Gardel 34",011 4440-6820,5.0
Lesza Propiedades,https://www.lesza.com.ar/,E. Del Valle Iberlucea 2910,011 4241-6131,4.5
CALZETTA PROPIEDADES,http://www.calzettapropiedades.com/,Av. 25 de Mayo 1139,011 4249-3377,4.5
D'Alio Propiedades,http://www.daliopropiedades.com.ar/,2 de Mayo 2996,011 4249-3500,4.7
Cecilia Sarro Propiedades,http://www.ceciliasarro.com.ar/,"Enrique de, E. Del Valle Iberlucea 3084",011 6927-9550,4.9
ALONSO Propiedades,http://www.alonsoprop.com/,Gobernador Felipe Llavallol 401,011 7709-4700,4.9
Pelay Propiedades,http://www.pelaypropiedades.com.ar/,"B1824CDB, Oncativo 1677",011 4225-6678,4.1
Pinar propiedades de Alejandro Siporin,http://www.pinarpropiedades.com.ar/,Aristóbulo del Valle 174,011 4241-6767,4.7
Devetac Propiedades,http://www.devetacprop.com.ar/,Camilo Cavour 3055,011 4166-9495,4.6
Estudio Jurídico e Inmobiliario Buono,https://www.buonoinmobiliaria.com/,Av. 25 de Mayo 657,011 4240-4849,4.4
Civeira Bienes Raices,https://www.civeirabienesraices.com.ar/,"Enrique de, E. Del Valle Iberlucea 2951",011 4225-7766,4.5
Brandolino Propiedades,http://www.brandolinoprop.com.ar/,Av. San Martín 3562,011 4276-3260,4.2
Coviella Propiedades,http://www.coviellapropiedades.com.ar/,Av. 9 de Julio 1829,4247-2390,4.3
Habitar Servicios Inmobiliarios,http://www.habitarservinmob.com.ar/,Sitio de Montevideo 1081,011 5823-2159,4.9
SOL PROPIEDADES,http://www.solpropiedadessur.com.ar/,"100, Av. 25 de Mayo 1824",011 4240-9926,4.0
Crivelli Propiedades,http://www.crivellipropiedades.com/,Av. San Martín 3873,011 4267-1022,4.8
Ramallo Propiedades,http://www.ramallopropiedades.com.ar/,Dr. A Melo 2990,011 3051-3046,4.6
Rebeca Peri Inmobiliaria,http://www.rebecaperi.com.ar/,Carlos Casares 1904,4249-7575,4.9
Castiello Propiedades,http://www.castielloprop.com.ar/,José María Moreno 255,011 4249-5839,4.5
RE/MAX TITANIUM,,Gdor. Irigoyen 56,011 4241-5100,4.6
Villar Armando,,Ministro Brin 2932,011 6018-0972,3.0
Castiello Propiedades,http://www.castielloprop.com.ar/,José María Moreno 255,011 4249-5839,4.5
Eduardo Fernandez Propiedades,http://www.eduardofernandez.com.ar/,"B1824KCB, KDD, Sitio de Montevideo 92",011 4240-2219,4.3
IZQUIERDO Propiedades,https://www.zonaprop.com.ar/inmobiliarias/izquierdo-propiedades_17337932-inmuebles.html,Av. 9 de Julio 2249,011 4247-3500,4.7
Russo Gestión Inmobiliaria ir,http://www.russogestioninmob.com/#!/-inicio/,"KAP, Tucumán, Anatole France &",011 2323-0180,4.3
San Miguel Propiedades,http://www.sanmiguelprop.com.ar/,Anatole France 1869,011 4249-9459,3.9
Habitar Servicios Inmobiliarios,http://www.habitarservinmob.com.ar/,Sitio de Montevideo 1081,011 5823-2159,4.9
Crivelli Propiedades,http://www.crivellipropiedades.com/,Av. San Martín 3873,011 4267-1022,4.8
Vecchi Propiedaded,http://www.vecchiprop.com.ar/,Juan Piñeiro 295,011 4241-3640,4.7
Lanzillotto Propiedades,http://www.lanzillottoprop.com.ar/,Ituzaingó 1419,011 4247-6999,4.4
RUIZ PROPIEDADES,http://www.ruizprop.com.ar/,Gdor. Irigoyen 389,011 4225-1941,4.2
SOL PROPIEDADES,http://www.solpropiedadessur.com.ar/,"100, Av. 25 de Mayo 1824",011 4240-9926,4.0
Bruno Flocco Negocios Inmobiliarios,https://brunoflocco.com/,Concejal H. Noya,,4.8
Caramés Bienes Raíces - Lanús Este,http://www.caramespropiedades.com.ar/,"KAE, Tucumán 1199",011 4247-4336,4.0
Insaw Inmobiliaria,https://www.bullano.com.ar/?utm_source=gmb&utm_medium=web,Viamonte 1523,011 4262-2850,3.5
Fernández Gómez Propiedades,http://www.fernandezgomez.com.ar/,Eva Perón 1803,011 4240-6267,3.7
Bellusci Propiedades,http://www.belluscipropiedades.com/,"1745, Salta",011 3624-9499,4.9
BILCIC,http://www.bilcic.com/,"Av. 25 de Mayo, Tte. J. A. Rangugni 600",011 4249-8822,3.7
CORDOMI Propiedades,https://www.cordomi.com.ar/,Miguel Cané 202,011 4241-6000,4.2
Caramés Bienes Raíces - Lanús Oeste,,Av. San Martín 2695,011 4262-9850,4.3
ST Construcciones,http://www.stconstrucciones.com.ar/,"MYA, Gobernador Felipe Llavallol 68",011 4247-0346,4.2
Ramallo Propiedades,http://www.ramallopropiedades.com.ar/,Dr. A Melo 2990,011 3051-3046,4.6
Century 21 Alvarez,,Av. Hipólito Yrigoyen 4789,011 7397-6644,4.1
Rodrigo Domínguez Propiedades,,E. Del Valle Iberlucea 2534,011 3391-0123,4.8
Mastronardi Propiedades,https://www.bullano.com.ar/?utm_source=gmb&utm_medium=web,Av. San Martín 3773,011 4262-1924,4.6
C. Cerrato,https://www.ccerratoprop.com.ar/,,,5.0
J. Cordero e Hijo Inmobiliaria,http://www.corderopropiedades.com/,Aristóbulo del Valle 101,011 4249-3168,4.0
Nicolini,http://www.nicolinipropiedades.com.ar/,Av. San Martín 3991,011 4276-4431,4.0
Alicia Modenesi,http://www.aliciamodenesi.com/,José Andrés Pacheco de Melo 2820,011 4225-8778,3.9
Mendez Propiedades,http://www.mendezpropiedades.com.ar/,Gdor. Manuel Ocampo 1000,011 4241-8231,4.4
Brandolino Propiedades,http://www.brandolinoprop.com.ar/,Av. San Martín 3562,011 4276-3260,4.2
WALTER PEREYRA propiedades,https://www.walterpereyra.com/,Carlos Gardel 128,011 5624-8729,4.7
Chenlo Propiedades,http://www.chenlopropiedades.com/,29 de Septiembre 1960 1° Piso Of. 34 Gran Galería Lanús,011 4240-5525,3.8
A. Varela Negocios Inmobiliarios,http://www.varelanegociosinmobiliarios.com/,Av. 25 de Mayo 1591,011 4240-9669,4.2
